id,name,sku,size,category,page,image_path,inset_path,jaw_path,original_image_path
p02_r0_c0,Tissue Forceps (Straight),93131,"5"", 6"", 8"" & 10""",Surgical Forceps,2,dataset/processed/p02_r0_c0_full.png,dataset/processed/p02_r0_c0_inset.png,dataset/processed/p02_r0_c0_jaw.png,dataset/processed/p02_r0_c0.png
p02_r0_c1,Artery Forceps (Curved),93116,"5"", 6"", 8"", 10"" & 12”",Surgical Forceps,2,dataset/processed/p02_r0_c1_full.png,dataset/processed/p02_r0_c1_inset.png,dataset/processed/p02_r0_c1_jaw.png,dataset/processed/p02_r0_c1.png
p02_r0_c2,Artery Forceps (Straight),93111,"5"", 6"", 8"", 10"" & 12”",Surgical Forceps,2,dataset/processed/p02_r0_c2_full.png,,dataset/processed/p02_r0_c2_jaw.png,dataset/processed/p02_r0_c2.png
p02_r0_c3,Bozeman Needle Holder,93170,"6"", 8"" & 10""",Surgical Forceps,2,dataset/processed/p02_r0_c3_full.png,dataset/processed/p02_r0_c3_inset.png,dataset/processed/p02_r0_c3_jaw.png,dataset/processed/p02_r0_c3.png
p02_r0_c4,Cervical Punch Biopsy Forceps,93235,,Surgical Forceps,2,dataset/processed/p02_r0_c4_full.png,dataset/processed/p02_r0_c4_inset.png,dataset/processed/p02_r0_c4_jaw.png,dataset/processed/p02_r0_c4.png
p02_r0_c5,Cheatle Forceps,93165,"8"", 10"" & 12”",Surgical Forceps,2,dataset/processed/p02_r0_c5_full.png,dataset/processed/p02_r0_c5_inset.png,dataset/processed/p02_r0_c5_jaw.png,dataset/processed/p02_r0_c5.png
p02_r1_c1,Backhaus Towel Forceps,93162,,Surgical Forceps,2,dataset/processed/p02_r1_c1_full.png,dataset/processed/p02_r1_c1_inset.png,dataset/processed/p02_r1_c1_jaw.png,dataset/processed/p02_r1_c1.png
p02_r1_c2,Ball Socket Towel Clamp Sk Wel Ku: 94378,94378,,Surgical Forceps,2,dataset/processed/p02_r1_c2_full.png,,dataset/processed/p02_r1_c2_jaw.png,dataset/processed/p02_r1_c2.png
p02_r1_c3,Collin Tongue Holding Forceps,93385 SKU: 93385,,Surgical Forceps,2,dataset/processed/p02_r1_c3_full.png,dataset/processed/p02_r1_c3_inset.png,dataset/processed/p02_r1_c3_jaw.png,dataset/processed/p02_r1_c3.png
p02_r1_c4,Crile Artery Forceps (Straight),93340,6” & 8”,Surgical Forceps,2,dataset/processed/p02_r1_c4_full.png,dataset/processed/p02_r1_c4_inset.png,dataset/processed/p02_r1_c4_jaw.png,dataset/processed/p02_r1_c4.png
p02_r1_c5,Crile Artery Forceps (Curved),93345,6” & 8”,Surgical Forceps,2,dataset/processed/p02_r1_c5_full.png,dataset/processed/p02_r1_c5_inset.png,dataset/processed/p02_r1_c5_jaw.png,dataset/processed/p02_r1_c5.png
p03_r0_c0,Crile-wood Needle Holder,93380,6” & 8”,Surgical Forceps,3,dataset/processed/p03_r0_c0_full.png,dataset/processed/p03_r0_c0_inset.png,dataset/processed/p03_r0_c0_jaw.png,dataset/processed/p03_r0_c0.png
p03_r0_c1,Dandy Artery Forceps,93240,,Surgical Forceps,3,dataset/processed/p03_r0_c1_full.png,dataset/processed/p03_r0_c1_inset.png,dataset/processed/p03_r0_c1_jaw.png,dataset/processed/p03_r0_c1.png
p03_r0_c2,"Foerster Sponge Holding Forceps, (Straight) Si 6"" Sk E S, 12” Ize: "", 8"", 10"" & 1 Ku: 93051",93051,"6"", 8"", 10"" & 12”",Surgical Forceps,3,dataset/processed/p03_r0_c2_full.png,dataset/processed/p03_r0_c2_inset.png,dataset/processed/p03_r0_c2_jaw.png,dataset/processed/p03_r0_c2.png
p03_r0_c3,Hernia Ring Forceps,93205,,Surgical Forceps,3,dataset/processed/p03_r0_c3_full.png,dataset/processed/p03_r0_c3_inset.png,dataset/processed/p03_r0_c3_jaw.png,dataset/processed/p03_r0_c3.png
p03_r0_c4,Kelly Forceps (Straight),93215 SKU: 93,,Surgical Forceps,3,dataset/processed/p03_r0_c4_full.png,dataset/processed/p03_r0_c4_inset.png,dataset/processed/p03_r0_c4_jaw.png,dataset/processed/p03_r0_c4.png
p03_r0_c5,Kelly Forceps (Curved),93217 SKU: 93217,,Surgical Forceps,3,dataset/processed/p03_r0_c5_full.png,dataset/processed/p03_r0_c5_inset.png,dataset/processed/p03_r0_c5_jaw.png,dataset/processed/p03_r0_c5.png
p03_r1_c0,Green Armytage Forceps,93200 SKU: 9320,,Surgical Forceps,3,dataset/processed/p03_r1_c0_full.png,dataset/processed/p03_r1_c0_inset.png,dataset/processed/p03_r1_c0_jaw.png,dataset/processed/p03_r1_c0.png
p03_r1_c1,"Grey Gall Duct Forceps (Plain) 10""",93289,,Surgical Forceps,3,dataset/processed/p03_r1_c1_full.png,dataset/processed/p03_r1_c1_inset.png,dataset/processed/p03_r1_c1_jaw.png,dataset/processed/p03_r1_c1.png
p03_r1_c2,"Grey Gall Duct Forceps (Toothed) 10""",93294,,Surgical Forceps,3,dataset/processed/p03_r1_c2_full.png,dataset/processed/p03_r1_c2_inset.png,dataset/processed/p03_r1_c2_jaw.png,dataset/processed/p03_r1_c2.png
p03_r1_c3,Kelly Placenta Forceps (PPIUCD Forceps),94375 SKU: 9,,Surgical Forceps,3,dataset/processed/p03_r1_c3_full.png,dataset/processed/p03_r1_c3_inset.png,dataset/processed/p03_r1_c3_jaw.png,dataset/processed/p03_r1_c3.png
p03_r1_c4,Kocher’s Forceps (Curved),93141,"6”, 8”, 10” & 12”",Surgical Forceps,3,dataset/processed/p03_r1_c4_full.png,dataset/processed/p03_r1_c4_inset.png,dataset/processed/p03_r1_c4_jaw.png,dataset/processed/p03_r1_c4.png
p03_r1_c5,Forceps (Straight),93146,"6”, 8”, 10” & 12”",Surgical Forceps,3,dataset/processed/p03_r1_c5_full.png,dataset/processed/p03_r1_c5_inset.png,dataset/processed/p03_r1_c5_jaw.png,dataset/processed/p03_r1_c5.png
p04_r0_c0,Lanes Tissue Forceps,93339 SKU: 93339,,Surgical Forceps,4,dataset/processed/p04_r0_c0_full.png,dataset/processed/p04_r0_c0_inset.png,dataset/processed/p04_r0_c0_jaw.png,dataset/processed/p04_r0_c0.png
p04_r0_c2,"Mayo-hegar Needle Holding Forceps Si 6” Sk Eedle S & 12” 1 Ize: ”, 8”, 10“ Ku: 93101",93101,"6”, 8”, 10“ & 12”",Surgical Forceps,4,dataset/processed/p04_r0_c2_full.png,,dataset/processed/p04_r0_c2_jaw.png,dataset/processed/p04_r0_c2.png
p04_r0_c3,Olsen Hegar Needle Holder With Scissor,93242 SKU: 93242,,Surgical Forceps,4,dataset/processed/p04_r0_c3_full.png,dataset/processed/p04_r0_c3_inset.png,dataset/processed/p04_r0_c3_jaw.png,dataset/processed/p04_r0_c3.png
p04_r0_c4,"Ovum Forceps 10""",93185 SKU: 931,,Surgical Forceps,4,dataset/processed/p04_r0_c4_full.png,dataset/processed/p04_r0_c4_inset.png,dataset/processed/p04_r0_c4_jaw.png,dataset/processed/p04_r0_c4.png
p04_r0_c5,Piles Holding Forceps,93150 SKU: 93150,,Surgical Forceps,4,dataset/processed/p04_r0_c5_full.png,dataset/processed/p04_r0_c5_inset.png,dataset/processed/p04_r0_c5_jaw.png,dataset/processed/p04_r0_c5.png
p04_r1_c0,Mosquito Artery Forceps Straight/hemostatic Forceps Sku:,93121,5” & 6”,Surgical Forceps,4,dataset/processed/p04_r1_c0_full.png,dataset/processed/p04_r1_c0_inset.png,dataset/processed/p04_r1_c0_jaw.png,dataset/processed/p04_r1_c0.png
p04_r1_c1,Squito Artery Forceps Curved/hemostatic Forceps,93126,5” & 6”,Surgical Forceps,4,dataset/processed/p04_r1_c1_full.png,dataset/processed/p04_r1_c1_inset.png,dataset/processed/p04_r1_c1_jaw.png,dataset/processed/p04_r1_c1.png
p04_r1_c2,"Negus Artery Forceps 8"" Sk 3285 Orceps 8"" Ku: 9",93285,,Surgical Forceps,4,dataset/processed/p04_r1_c2_full.png,dataset/processed/p04_r1_c2_inset.png,dataset/processed/p04_r1_c2_jaw.png,dataset/processed/p04_r1_c2.png
p04_r1_c3,Punch Biopsy Forceps,93350,,Surgical Forceps,4,dataset/processed/p04_r1_c3_full.png,dataset/processed/p04_r1_c3_inset.png,dataset/processed/p04_r1_c3_jaw.png,dataset/processed/p04_r1_c3.png
p04_r1_c5,Sinus Forceps,93195,"6”, 7” & 8”",Surgical Forceps,4,dataset/processed/p04_r1_c5_full.png,dataset/processed/p04_r1_c5_inset.png,dataset/processed/p04_r1_c5_jaw.png,dataset/processed/p04_r1_c5.png
p05_r0_c0,Stone Holding Forceps (Set Of,,,Surgical Forceps,5,dataset/processed/p05_r0_c0_full.png,dataset/processed/p05_r0_c0_inset.png,dataset/processed/p05_r0_c0_jaw.png,dataset/processed/p05_r0_c0.png
p05_r0_c2,"Tenaculum Forceps 10"" Ceps 10"" 9",93190,,Surgical Forceps,5,dataset/processed/p05_r0_c2_full.png,dataset/processed/p05_r0_c2_inset.png,dataset/processed/p05_r0_c2_jaw.png,dataset/processed/p05_r0_c2.png
p05_r0_c3,Tracheal Dilating Forceps,93225 SKU: 93225,,Surgical Forceps,5,dataset/processed/p05_r0_c3_full.png,dataset/processed/p05_r0_c3_inset.png,dataset/processed/p05_r0_c3_jaw.png,dataset/processed/p05_r0_c3.png
p05_r0_c4,Tube Milking Forceps,93245,,Surgical Forceps,5,dataset/processed/p05_r0_c4_full.png,,dataset/processed/p05_r0_c4_jaw.png,dataset/processed/p05_r0_c4.png
p05_r0_c5,Tubing Clamp,93337 SKU: 93337,,Surgical Forceps,5,dataset/processed/p05_r0_c5_full.png,dataset/processed/p05_r0_c5_inset.png,dataset/processed/p05_r0_c5_jaw.png,dataset/processed/p05_r0_c5.png
p05_r1_c0,"Tonsil Artery Forceps (Straight) 8"" Sku",93280,,Surgical Forceps,5,dataset/processed/p05_r1_c0_full.png,dataset/processed/p05_r1_c0_inset.png,dataset/processed/p05_r1_c0_jaw.png,dataset/processed/p05_r1_c0.png
p05_r1_c1,"Tonsil Artery Forceps (Curved) 8""",93281,,Surgical Forceps,5,dataset/processed/p05_r1_c1_full.png,dataset/processed/p05_r1_c1_inset.png,dataset/processed/p05_r1_c1_jaw.png,dataset/processed/p05_r1_c1.png
p05_r1_c2,Towel Clip English Pattern Sk 2 Ish Ku: 93232,93232,,Surgical Forceps,5,dataset/processed/p05_r1_c2_full.png,dataset/processed/p05_r1_c2_inset.png,dataset/processed/p05_r1_c2_jaw.png,dataset/processed/p05_r1_c2.png
p05_r1_c3,Tungsten Carbide (TC) Mayo Hegar Needle,96570,"6”, 7“ & 8”",Surgical Forceps,5,dataset/processed/p05_r1_c3_full.png,dataset/processed/p05_r1_c3_inset.png,dataset/processed/p05_r1_c3_jaw.png,dataset/processed/p05_r1_c3.png
p05_r1_c4,Tungsten Carbide (TC) Ryder Needle Holder,96576,6” & 8”,Surgical Forceps,5,dataset/processed/p05_r1_c4_full.png,dataset/processed/p05_r1_c4_inset.png,dataset/processed/p05_r1_c4_jaw.png,dataset/processed/p05_r1_c4.png
p05_r1_c5,Sten Carbide (TC) Debakey Needle Holder,96580,"6”, 7“ & 8”",Surgical Forceps,5,dataset/processed/p05_r1_c5_full.png,dataset/processed/p05_r1_c5_inset.png,dataset/processed/p05_r1_c5_jaw.png,dataset/processed/p05_r1_c5.png
p06_r0_c0,Vulsellum Forceps Straight,93180,8” & 10”,Surgical Forceps,6,dataset/processed/p06_r0_c0_full.png,dataset/processed/p06_r0_c0_inset.png,dataset/processed/p06_r0_c0_jaw.png,dataset/processed/p06_r0_c0.png
p06_r0_c1,Sellum Forceps (Curved),93182,8” & 10”,Surgical Forceps,6,dataset/processed/p06_r0_c1_full.png,dataset/processed/p06_r0_c1_inset.png,dataset/processed/p06_r0_c1_jaw.png,dataset/processed/p06_r0_c1.png
p06_r0_c2,"Intestinal Clamp Forceps 10"" (Straight) Sk P Aight) 3257 Ku: 93",93257,,Surgical Forceps,6,dataset/processed/p06_r0_c2_full.png,dataset/processed/p06_r0_c2_inset.png,dataset/processed/p06_r0_c2_jaw.png,dataset/processed/p06_r0_c2.png
p06_r0_c3,Right Angle Artery Forceps Sku:,93246,"5”, 6”, 7”, 8”, & 10”",Surgical Forceps & Scalpel Handles,6,dataset/processed/p06_r0_c3_full.png,dataset/processed/p06_r0_c3_inset.png,dataset/processed/p06_r0_c3_jaw.png,dataset/processed/p06_r0_c3.png
p06_r0_c4,Universal Needle Holder,93260 SKU: 9326,,Surgical Forceps & Scalpel Handles,6,dataset/processed/p06_r0_c4_full.png,dataset/processed/p06_r0_c4_inset.png,dataset/processed/p06_r0_c4_jaw.png,dataset/processed/p06_r0_c4.png
p06_r0_c5,B.p. Handle (Scalpel Handle) No. 3 & 4,94600,,Surgical Forceps & Scalpel Handles,6,dataset/processed/p06_r0_c5_full.png,dataset/processed/p06_r0_c5_inset.png,dataset/processed/p06_r0_c5_jaw.png,dataset/processed/p06_r0_c5.png
p06_r1_c0,"Intestinal Clamp Forceps 10"" (Curved)",93253 SKU: 932,,Surgical Forceps,6,dataset/processed/p06_r1_c0_full.png,dataset/processed/p06_r1_c0_inset.png,dataset/processed/p06_r1_c0_jaw.png,dataset/processed/p06_r1_c0.png
p06_r1_c1,Littlewood Tissue Forceps,93263,,Surgical Forceps,6,dataset/processed/p06_r1_c1_full.png,dataset/processed/p06_r1_c1_inset.png,dataset/processed/p06_r1_c1_jaw.png,dataset/processed/p06_r1_c1.png
p06_r1_c2,Safety Pin Instrument Holder 4 Ize: & 6” Ku: 96584 N Der,96584,4 & 6”,Surgical Forceps,6,dataset/processed/p06_r1_c2_full.png,,dataset/processed/p06_r1_c2_jaw.png,dataset/processed/p06_r1_c2.png
p06_r1_c5,B.p. Handle (Scalpel Handle) No. 10,94604,,Surgical Forceps & Scalpel Handles,6,dataset/processed/p06_r1_c5_full.png,,dataset/processed/p06_r1_c5_jaw.png,dataset/processed/p06_r1_c5.png
p07_r0_c0,Cuticle Scissors (Straight),94070 SKU: 94,,Surgical Scissors,7,dataset/processed/p07_r0_c0_full.png,dataset/processed/p07_r0_c0_inset.png,dataset/processed/p07_r0_c0_jaw.png,dataset/processed/p07_r0_c0.png
p07_r0_c1,Cuticle Scissors (Curved),94072,,Surgical Scissors,7,dataset/processed/p07_r0_c1_full.png,dataset/processed/p07_r0_c1_inset.png,dataset/processed/p07_r0_c1_jaw.png,dataset/processed/p07_r0_c1.png
p07_r0_c2,"Dressing Scissors Sharp/sharp (Straight) S Straight) Ize: ” ”, 6” & 8 Ku: 31 940",94031,"5”, 6” & 8”",Surgical Scissors,7,dataset/processed/p07_r0_c2_full.png,dataset/processed/p07_r0_c2_inset.png,dataset/processed/p07_r0_c2_jaw.png,dataset/processed/p07_r0_c2.png
p07_r0_c3,Episiotomy Scissors,94045 SKU: 94045,,Surgical Scissors,7,dataset/processed/p07_r0_c3_full.png,dataset/processed/p07_r0_c3_inset.png,dataset/processed/p07_r0_c3_jaw.png,dataset/processed/p07_r0_c3.png
p07_r0_c4,Knapp Iris Scissors (Straight),94065 SKU: 9406,,Surgical Scissors,7,dataset/processed/p07_r0_c4_full.png,dataset/processed/p07_r0_c4_inset.png,dataset/processed/p07_r0_c4_jaw.png,dataset/processed/p07_r0_c4.png
p07_r0_c5,Knapp Iris Scissors (Curved) Sk,94066,,Surgical Scissors,7,dataset/processed/p07_r0_c5_full.png,dataset/processed/p07_r0_c5_inset.png,dataset/processed/p07_r0_c5_jaw.png,dataset/processed/p07_r0_c5.png
p07_r1_c0,Dressing Scissors Sharp/sharp (Curved),94139,"5”, 6” & 8”",Surgical Scissors,7,dataset/processed/p07_r1_c0_full.png,dataset/processed/p07_r1_c0_inset.png,dataset/processed/p07_r1_c0_jaw.png,dataset/processed/p07_r1_c0.png
p07_r1_c1,Ssing Scissors Blunt/sharp (Straight),94036,"5”, 6” & 8”",Surgical Scissors,7,dataset/processed/p07_r1_c1_full.png,dataset/processed/p07_r1_c1_inset.png,dataset/processed/p07_r1_c1_jaw.png,dataset/processed/p07_r1_c1.png
p07_r1_c2,"Ssing Scissors Blunt/sharp (Curved) Ize: ”, 6” & 8” Ku: 94095 Ors Urved)",94095,"5”, 6” & 8”",Surgical Scissors,7,dataset/processed/p07_r1_c2_full.png,dataset/processed/p07_r1_c2_inset.png,dataset/processed/p07_r1_c2_jaw.png,dataset/processed/p07_r1_c2.png
p07_r1_c3,Lister Bandage Scissors,94085,5.5” & 7.25”,Surgical Scissors,7,dataset/processed/p07_r1_c3_full.png,dataset/processed/p07_r1_c3_inset.png,dataset/processed/p07_r1_c3_jaw.png,dataset/processed/p07_r1_c3.png
p07_r1_c4,Mayo Scissors (Straight) Bladed Blunt/blunt,94014,"5.5”, 6.5”, 7.5“ & 8.5”",Surgical Scissors,7,dataset/processed/p07_r1_c4_full.png,dataset/processed/p07_r1_c4_inset.png,dataset/processed/p07_r1_c4_jaw.png,dataset/processed/p07_r1_c4.png
p07_r1_c5,Scissors (Curved) Bladed Blunt/blunt,94019,"5.5”, 6.5”, 7.5“ & 8.5”",Surgical Scissors,7,dataset/processed/p07_r1_c5_full.png,dataset/processed/p07_r1_c5_inset.png,dataset/processed/p07_r1_c5_jaw.png,dataset/processed/p07_r1_c5.png
p08_r0_c0,Metzenbaum Scissors (Straight),94001,"6”, 7” & 8”",Surgical Scissors,8,dataset/processed/p08_r0_c0_full.png,dataset/processed/p08_r0_c0_inset.png,dataset/processed/p08_r0_c0_jaw.png,dataset/processed/p08_r0_c0.png
p08_r0_c1,Scissors (Curved),94007,"6”, 7” & 8”",Surgical Scissors,8,dataset/processed/p08_r0_c1_full.png,dataset/processed/p08_r0_c1_inset.png,dataset/processed/p08_r0_c1_jaw.png,dataset/processed/p08_r0_c1.png
p08_r0_c2,Spencer (Littauer) Stitch Scissors Sk Er) 0 Ku: 94100,94100,,Surgical Scissors,8,dataset/processed/p08_r0_c2_full.png,,dataset/processed/p08_r0_c2_jaw.png,dataset/processed/p08_r0_c2.png
p08_r0_c3,"Stevens Tenotomy Scissors (Curved) 6""",94150 SKU: 9,,Surgical Scissors,8,dataset/processed/p08_r0_c3_full.png,dataset/processed/p08_r0_c3_inset.png,dataset/processed/p08_r0_c3_jaw.png,dataset/processed/p08_r0_c3.png
p08_r0_c4,Suture Cutting Scissors,94040 SKU: 94040,,Surgical Scissors,8,dataset/processed/p08_r0_c4_full.png,dataset/processed/p08_r0_c4_inset.png,dataset/processed/p08_r0_c4_jaw.png,dataset/processed/p08_r0_c4.png
p08_r0_c5,Tonsil Scissors (Straight),94075,"6”, 7” & 8”",Surgical Scissors,8,dataset/processed/p08_r0_c5_full.png,dataset/processed/p08_r0_c5_inset.png,dataset/processed/p08_r0_c5_jaw.png,dataset/processed/p08_r0_c5.png
p08_r1_c0,Potts-smith Vessel Scissors 45° 60°,,,Surgical Scissors,8,dataset/processed/p08_r1_c0_full.png,dataset/processed/p08_r1_c0_inset.png,dataset/processed/p08_r1_c0_jaw.png,dataset/processed/p08_r1_c0.png
p08_r1_c2,"Stevens Tenotomy Scissors (Straight) 6"" Sk 5 My Ght) 6"" G ) Ku: 9414",94145,,Surgical Scissors,8,dataset/processed/p08_r1_c2_full.png,,dataset/processed/p08_r1_c2_jaw.png,dataset/processed/p08_r1_c2.png
p08_r1_c3,Tonsil Scissors (Curved),94090,"6”, 7” & 8”",Surgical Scissors,8,dataset/processed/p08_r1_c3_full.png,dataset/processed/p08_r1_c3_inset.png,dataset/processed/p08_r1_c3_jaw.png,dataset/processed/p08_r1_c3.png
p08_r1_c4,"Trauma Shears 7.5""",94081,,Surgical Scissors,8,dataset/processed/p08_r1_c4_full.png,,dataset/processed/p08_r1_c4_jaw.png,dataset/processed/p08_r1_c4.png
p08_r1_c5,"Sten Carbide (TC), Mayo Scissor, Straight",94103,6.5” & 7.5“,Surgical Scissors,8,dataset/processed/p08_r1_c5_full.png,dataset/processed/p08_r1_c5_inset.png,dataset/processed/p08_r1_c5_jaw.png,dataset/processed/p08_r1_c5.png
p09_r0_c0,"Tungsten Carbide (TC), Mayo Scissor, Curved",94105,6.5” & 7.5”,Surgical Scissors,9,dataset/processed/p09_r0_c0_full.png,dataset/processed/p09_r0_c0_inset.png,dataset/processed/p09_r0_c0_jaw.png,dataset/processed/p09_r0_c0.png
p09_r0_c1,"Sten Carbide (TC) Metzenbaum Scissor, Straight Siz 6”, Sku",94110,"6”, 7” & 8”",Surgical Scissors,9,dataset/processed/p09_r0_c1_full.png,dataset/processed/p09_r0_c1_inset.png,dataset/processed/p09_r0_c1_jaw.png,dataset/processed/p09_r0_c1.png
p09_r0_c2,"Tungsten Carbide (TC), Metzenbaum Scissor, Curved Si 6” Sk De (TC), Cissor, & 8” 94115 Ize: ”, 7” Ku: 9",94115,"6”, 7” & 8”",Surgical Scissors,9,dataset/processed/p09_r0_c2_full.png,dataset/processed/p09_r0_c2_inset.png,dataset/processed/p09_r0_c2_jaw.png,dataset/processed/p09_r0_c2.png
p09_r0_c3,Bayonet Kerrison Punch Upward,93365,"1, 2, 3 & 4mm",Nuero Instruments,9,dataset/processed/p09_r0_c3_full.png,dataset/processed/p09_r0_c3_inset.png,dataset/processed/p09_r0_c3_jaw.png,dataset/processed/p09_r0_c3.png
p09_r0_c5,"Jansen Retractor 3 X 3 Blunt Prongs, 3""",94918,,Nuero Instruments,9,dataset/processed/p09_r0_c5_full.png,,dataset/processed/p09_r0_c5_jaw.png,dataset/processed/p09_r0_c5.png
p09_r1_c0,Umbilical Cord Cutting Scissors,94060 SKU: 94060,,Surgical Scissors,9,dataset/processed/p09_r1_c0_full.png,dataset/processed/p09_r1_c0_inset.png,dataset/processed/p09_r1_c0_jaw.png,dataset/processed/p09_r1_c0.png
p09_r1_c1,Vannas Spring Scissors,94055,,Surgical Scissors,9,dataset/processed/p09_r1_c1_full.png,dataset/processed/p09_r1_c1_inset.png,dataset/processed/p09_r1_c1_jaw.png,dataset/processed/p09_r1_c1.png
p09_r1_c3,Hudson Brace Set With Box,94874,,Nuero Instruments,9,dataset/processed/p09_r1_c3_full.png,dataset/processed/p09_r1_c3_inset.png,dataset/processed/p09_r1_c3_jaw.png,dataset/processed/p09_r1_c3.png
p09_r1_c5,Set With Box,,,Nuero Instruments,9,dataset/processed/p09_r1_c5_full.png,,dataset/processed/p09_r1_c5_jaw.png,dataset/processed/p09_r1_c5.png
p10_r0_c0,Adson Tissue Forceps Toothed,94308,"4”, 5”, 6”, 7” & 8”",Surgical Forceps,10,dataset/processed/p10_r0_c0_full.png,,dataset/processed/p10_r0_c0_jaw.png,dataset/processed/p10_r0_c0.png
p10_r0_c1,Son Dressing Forceps Plain,94338,"4”, 5”, 6”, 7” & 8”",Surgical Forceps,10,dataset/processed/p10_r0_c1_full.png,,dataset/processed/p10_r0_c1_jaw.png,dataset/processed/p10_r0_c1.png
p10_r0_c2,"Bonney Forceps Tissue S Ize: ”, 7” & 8” Ku: 94335",94335,"6”, 7” & 8”",Surgical Forceps,10,dataset/processed/p10_r0_c2_full.png,,dataset/processed/p10_r0_c2_jaw.png,dataset/processed/p10_r0_c2.png
p10_r0_c3,Dissecting Forceps Toothed,94351,"4”, 5”, 6”, 7“, 8”, 10” & 12”",Surgical Forceps,10,dataset/processed/p10_r0_c3_full.png,,dataset/processed/p10_r0_c3_jaw.png,dataset/processed/p10_r0_c3.png
p10_r0_c4,Mcindoe Forceps Plain,94320,6” & 8”,Surgical Forceps,10,dataset/processed/p10_r0_c4_full.png,,dataset/processed/p10_r0_c4_jaw.png,dataset/processed/p10_r0_c4.png
p10_r0_c5,Mcindoe Forceps Toothed,94323,6” & 8”,Surgical Forceps,10,dataset/processed/p10_r0_c5_full.png,,dataset/processed/p10_r0_c5_jaw.png,dataset/processed/p10_r0_c5.png
p10_r1_c0,Bonney Forceps Plain,94370,"6”, 7” & 8”",Surgical Forceps,10,dataset/processed/p10_r1_c0_full.png,,dataset/processed/p10_r1_c0_jaw.png,dataset/processed/p10_r1_c0.png
p10_r1_c1,Dental Tweezer,94325,,Surgical Forceps,10,dataset/processed/p10_r1_c1_full.png,,dataset/processed/p10_r1_c1_jaw.png,dataset/processed/p10_r1_c1.png
p10_r1_c2,"Ssecting Forceps Plain Ize: 4”, 5”, 6”, “, 8”, 10” & 12” Ku: 94300 Eps",94300,"4”, 5”, 6”, 7“, 8”, 10” & 12”",Surgical Forceps,10,dataset/processed/p10_r1_c2_full.png,,dataset/processed/p10_r1_c2_jaw.png,dataset/processed/p10_r1_c2.png
p10_r1_c3,Micro Ring Forceps,94330,"6”, 7” & 8”",Surgical Forceps,10,dataset/processed/p10_r1_c3_full.png,,dataset/processed/p10_r1_c3_jaw.png,dataset/processed/p10_r1_c3.png
p10_r1_c4,Tonsil Dissecting Forceps Plain,94315,"6”, 7” & 8”",Surgical Forceps,10,dataset/processed/p10_r1_c4_full.png,,dataset/processed/p10_r1_c4_jaw.png,dataset/processed/p10_r1_c4.png
p10_r1_c5,Sil Dissecting Forceps Toothed,94361,"6”, 7” & 8”",Surgical Forceps,10,dataset/processed/p10_r1_c5_full.png,,dataset/processed/p10_r1_c5_jaw.png,dataset/processed/p10_r1_c5.png
p11_r0_c0,"Finochietto Retractor Small, Medium & Large",94308,"Baby,",Cardiothoracic Instruments,11,dataset/processed/p11_r0_c0_full.png,,dataset/processed/p11_r0_c0_jaw.png,dataset/processed/p11_r0_c0.png
p11_r0_c3,"Debakey Bulldog Clamp (Straight) Size 3“, Sku",93301,"1.5”, 2”, 2.5”, 3“, 4” & 4.5”",Cardio & Spine Instruments,11,dataset/processed/p11_r0_c3_full.png,dataset/processed/p11_r0_c3_inset.png,dataset/processed/p11_r0_c3_jaw.png,dataset/processed/p11_r0_c3.png
p11_r0_c4,Debakey Bulldog Clamp (Curved),93321,"1.5”, 2”, 2.5”, 3“, 4” & 4.5”",Cardio & Spine Instruments,11,dataset/processed/p11_r0_c4_full.png,dataset/processed/p11_r0_c4_inset.png,dataset/processed/p11_r0_c4_jaw.png,dataset/processed/p11_r0_c4.png
p11_r0_c5,Debakey Satinsky Forceps,93370,"6”, 8” & 10”",Cardio & Spine Instruments,11,dataset/processed/p11_r0_c5_full.png,dataset/processed/p11_r0_c5_inset.png,dataset/processed/p11_r0_c5_jaw.png,dataset/processed/p11_r0_c5.png
p11_r1_c0,Morse Sternal Retractor,93330,Infant & Child,Cardiothoracic Instruments,11,dataset/processed/p11_r1_c0_full.png,,dataset/processed/p11_r1_c0_jaw.png,dataset/processed/p11_r1_c0.png
p11_r1_c2,Retractor,,,Cardiothoracic Instruments,11,dataset/processed/p11_r1_c2_full.png,,dataset/processed/p11_r1_c2_jaw.png,dataset/processed/p11_r1_c2.png
p11_r1_c3,Debakey Cooley Forceps,93375,"6”, 8” & 10”",Cardio & Spine Instruments,11,dataset/processed/p11_r1_c3_full.png,dataset/processed/p11_r1_c3_inset.png,dataset/processed/p11_r1_c3_jaw.png,dataset/processed/p11_r1_c3.png
p11_r1_c4,Disc Punch Forceps (Serrated) Straight,94876,"1, 2, 3 & 4mm",Cardio & Spine Instruments,11,dataset/processed/p11_r1_c4_full.png,dataset/processed/p11_r1_c4_inset.png,dataset/processed/p11_r1_c4_jaw.png,dataset/processed/p11_r1_c4.png
p11_r1_c5,Sc Punch Forceps (Serrated) Up,94883,"1, 2, 3 & 4mm",Cardio & Spine Instruments,11,dataset/processed/p11_r1_c5_full.png,dataset/processed/p11_r1_c5_inset.png,dataset/processed/p11_r1_c5_jaw.png,dataset/processed/p11_r1_c5.png
p12_r0_c0,Disc Punch Forceps (Serrated) Down,94890,"1, 2, 3 & 4mm",Spine Instruments & Proctoscopes,12,dataset/processed/p12_r0_c0_full.png,dataset/processed/p12_r0_c0_inset.png,dataset/processed/p12_r0_c0_jaw.png,dataset/processed/p12_r0_c0.png
p12_r0_c1,Sc Punch Forceps (Plain) Straight,94898,"1, 2, 3 & 4mm",Spine Instruments & Proctoscopes,12,dataset/processed/p12_r0_c1_full.png,dataset/processed/p12_r0_c1_inset.png,dataset/processed/p12_r0_c1_jaw.png,dataset/processed/p12_r0_c1.png
p12_r0_c2,Disc Punch Forceps (Plain) Up S,94904,"1, 2, 3 & 4mm",Spine Instruments & Proctoscopes,12,dataset/processed/p12_r0_c2_full.png,dataset/processed/p12_r0_c2_inset.png,dataset/processed/p12_r0_c2_jaw.png,dataset/processed/p12_r0_c2.png
p12_r0_c3,Mathieu Rectal Speculum 2 Prongs,97045,,GYN Instruments,12,dataset/processed/p12_r0_c3_full.png,dataset/processed/p12_r0_c3_inset.png,dataset/processed/p12_r0_c3_jaw.png,dataset/processed/p12_r0_c3.png
p12_r0_c4,Mathieu Rectal Speculum 3 Prongs,97046,,GYN Instruments,12,dataset/processed/p12_r0_c4_full.png,dataset/processed/p12_r0_c4_inset.png,dataset/processed/p12_r0_c4_jaw.png,dataset/processed/p12_r0_c4.png
p12_r0_c5,Bonney Myomectomy Clamp,97120 SKU: 97120,,GYN Instruments,12,dataset/processed/p12_r0_c5_full.png,dataset/processed/p12_r0_c5_inset.png,dataset/processed/p12_r0_c5_jaw.png,dataset/processed/p12_r0_c5.png
p12_r1_c0,Disc Punch Forceps (Plain) Down,94910,"1, 2, 3 & 4mm",Spine Instruments & Proctoscopes,12,dataset/processed/p12_r1_c0_full.png,dataset/processed/p12_r1_c0_inset.png,dataset/processed/p12_r1_c0_jaw.png,dataset/processed/p12_r1_c0.png
p12_r1_c1,"Small, Medium, Large & X-large” Proctoscope General Quality",96550,,Spine Instruments & Proctoscopes,12,dataset/processed/p12_r1_c1_full.png,,dataset/processed/p12_r1_c1_jaw.png,dataset/processed/p12_r1_c1.png
p12_r1_c2,"Small, Medium, Large & X-large” Proctoscope Premium Quality Emium",96554,,Spine Instruments & Proctoscopes,12,dataset/processed/p12_r1_c2_full.png,,dataset/processed/p12_r1_c2_jaw.png,dataset/processed/p12_r1_c2.png
p12_r1_c3,"Vaginal Speculum (Cusco) Small, Medium & Large",55013,,GYN Instruments,12,dataset/processed/p12_r1_c3_full.png,,dataset/processed/p12_r1_c3_jaw.png,dataset/processed/p12_r1_c3.png
p12_r1_c4,"Vaginal Speculum - Duck Bill (Sims) Small, Medium & Large Ze: Small, Edium & Large Ku: 55014",55014,,GYN Instruments,12,dataset/processed/p12_r1_c4_full.png,,dataset/processed/p12_r1_c4_jaw.png,dataset/processed/p12_r1_c4.png
p12_r1_c5,"Small, Medium & Large Vaginal Speculum (Graves)",55015,,GYN Instruments,12,dataset/processed/p12_r1_c5_full.png,,dataset/processed/p12_r1_c5_jaw.png,dataset/processed/p12_r1_c5.png
p13_r0_c0,"Sims Uterine Depressor, Double Ended (Anterior Vaginal Wall Retractor)",94805,,GYN Instruments,13,dataset/processed/p13_r0_c0_full.png,,dataset/processed/p13_r0_c0_jaw.png,dataset/processed/p13_r0_c0.png
p13_r0_c1,Uterine Sound Curette Double Sharp Blunt,94807,,GYN Instruments,13,dataset/processed/p13_r0_c1_full.png,dataset/processed/p13_r0_c1_inset.png,dataset/processed/p13_r0_c1_jaw.png,dataset/processed/p13_r0_c1.png
p13_r0_c2,Iud Hook Ended (Set Of 3) Ud Hook,97112,,GYN Instruments,13,dataset/processed/p13_r0_c2_full.png,,dataset/processed/p13_r0_c2_jaw.png,dataset/processed/p13_r0_c2.png
p13_r0_c3,Hegar Uterine Dilators Set Of 8,96700,,GYN & Instrument Kits,13,dataset/processed/p13_r0_c3_full.png,,dataset/processed/p13_r0_c3_jaw.png,dataset/processed/p13_r0_c3.png
p13_r0_c4,Urethral Sound Bougie Lister (Set Of 12 Pcs.),94832,,GYN & Instrument Kits,13,dataset/processed/p13_r0_c4_full.png,,dataset/processed/p13_r0_c4_jaw.png,dataset/processed/p13_r0_c4.png
p13_r0_c5,Urethral Sound Bougie Clutton (Set Of 12 Pcs.),94834,,GYN & Instrument Kits,13,dataset/processed/p13_r0_c5_full.png,,dataset/processed/p13_r0_c5_jaw.png,dataset/processed/p13_r0_c5.png
p13_r1_c0,Wrigley Obstetrical Forceps,94800,,GYN Instruments,13,dataset/processed/p13_r1_c0_full.png,,dataset/processed/p13_r1_c0_jaw.png,dataset/processed/p13_r1_c0.png
p13_r1_c1,Lateral Vaginal Wall Retractor,94802,,GYN Instruments,13,dataset/processed/p13_r1_c1_full.png,,dataset/processed/p13_r1_c1_jaw.png,dataset/processed/p13_r1_c1.png
p13_r1_c2,Mtp Dilator Set Of 10 Pcs Of 10 Pcs,96554,,GYN Instruments,13,dataset/processed/p13_r1_c2_full.png,,dataset/processed/p13_r1_c2_jaw.png,dataset/processed/p13_r1_c2.png
p13_r1_c3,Gynecology Instruments Set Cesarean Section Set,94816,,GYN & Instrument Kits,13,dataset/processed/p13_r1_c3_full.png,,dataset/processed/p13_r1_c3_jaw.png,dataset/processed/p13_r1_c3.png
p13_r1_c4,Iud Removal Kit Delivery Instrument Kit,94818,,GYN & Instrument Kits,13,dataset/processed/p13_r1_c4_full.png,,dataset/processed/p13_r1_c4_jaw.png,dataset/processed/p13_r1_c4.png
p13_r1_c5,Minilap Kit Dressing Instrument Kit,94820,,GYN & Instrument Kits,13,dataset/processed/p13_r1_c5_full.png,,dataset/processed/p13_r1_c5_jaw.png,dataset/processed/p13_r1_c5.png
p14_r0_c0,Minor Surgery Set,94822,,Surgical Instrument Kits,14,dataset/processed/p14_r0_c0_full.png,,dataset/processed/p14_r0_c0_jaw.png,dataset/processed/p14_r0_c0.png
p14_r0_c1,Suturing Instrument Kit,94824,,Surgical Instrument Kits,14,dataset/processed/p14_r0_c1_full.png,,dataset/processed/p14_r0_c1_jaw.png,dataset/processed/p14_r0_c1.png
p14_r0_c2,Ent Instrument Kit Kit,94826,,Surgical Instrument Kits,14,dataset/processed/p14_r0_c2_full.png,,dataset/processed/p14_r0_c2_jaw.png,dataset/processed/p14_r0_c2.png
p14_r0_c3,Laparotomy Instruments Kit (Pediatric),94842,,Surgical Instrument Kits,14,dataset/processed/p14_r0_c3_full.png,,dataset/processed/p14_r0_c3_jaw.png,dataset/processed/p14_r0_c3.png
p14_r0_c4,Laparotomy Instruments Kit (Adult),94860,,Surgical Instrument Kits,14,dataset/processed/p14_r0_c4_full.png,,dataset/processed/p14_r0_c4_jaw.png,dataset/processed/p14_r0_c4.png
p14_r0_c5,Midwifery Instruments Kit,94843,,Surgical Instrument Kits,14,dataset/processed/p14_r0_c5_full.png,,dataset/processed/p14_r0_c5_jaw.png,dataset/processed/p14_r0_c5.png
p14_r1_c0,Dissecting Set Of 19 Instruments Eye Instrument Kit,94838,,Surgical Instrument Kits,14,dataset/processed/p14_r1_c0_full.png,,dataset/processed/p14_r1_c0_jaw.png,dataset/processed/p14_r1_c0.png
p14_r1_c1,Major Vaginal Repair Instruments Kit Chalazion Instruments Set,94840,,Surgical Instrument Kits,14,dataset/processed/p14_r1_c1_full.png,,dataset/processed/p14_r1_c1_jaw.png,dataset/processed/p14_r1_c1.png
p14_r1_c2,Nasal Instruments Kit Dissecting Instruments Set Of 13 Instruments Nts Kit Uments Ments,94841,,Surgical Instrument Kits,14,dataset/processed/p14_r1_c2_full.png,,dataset/processed/p14_r1_c2_jaw.png,dataset/processed/p14_r1_c2.png
p14_r1_c3,Suture Kit Microsurgery Glaucoma Set,94852,,Surgical Instrument Kits,14,dataset/processed/p14_r1_c3_full.png,,dataset/processed/p14_r1_c3_jaw.png,dataset/processed/p14_r1_c3.png
p14_r1_c4,Hemorrhoid Piles Gun With Forceps Nsv Kit,94853,,Surgical Instrument Kits,14,dataset/processed/p14_r1_c4_full.png,,dataset/processed/p14_r1_c4_jaw.png,dataset/processed/p14_r1_c4.png
p14_r1_c5,Debridement Instruments Set D&c Kit,94862,,Surgical Instrument Kits,14,dataset/processed/p14_r1_c5_full.png,,dataset/processed/p14_r1_c5_jaw.png,dataset/processed/p14_r1_c5.png
p15_r0_c0,Icd Set,94870,,Surgical Instrument Kits,15,dataset/processed/p15_r0_c0_full.png,,dataset/processed/p15_r0_c0_jaw.png,dataset/processed/p15_r0_c0.png
p15_r0_c1,Bilateral Tubal Ligation Instrument Set (BTL Set),94872,,Surgical Instrument Kits,15,dataset/processed/p15_r0_c1_full.png,,dataset/processed/p15_r0_c1_jaw.png,dataset/processed/p15_r0_c1.png
p15_r0_c2,Trubiology Advanced Lab Dissection Kit For Biology Anatomy Medical Students,94922,,Surgical Instrument Kits,15,dataset/processed/p15_r0_c2_full.png,dataset/processed/p15_r0_c2_inset.png,dataset/processed/p15_r0_c2_jaw.png,dataset/processed/p15_r0_c2.png
p15_r0_c3,Nasal Speculum Set Of 3,15400 SKU: 15400,,ENT Instruments,15,dataset/processed/p15_r0_c3_full.png,,dataset/processed/p15_r0_c3_jaw.png,dataset/processed/p15_r0_c3.png
p15_r0_c4,Hartmann Alligator Ear Forceps,93210 SKU: 93210,,ENT Instruments,15,dataset/processed/p15_r0_c4_full.png,,dataset/processed/p15_r0_c4_jaw.png,dataset/processed/p15_r0_c4.png
p15_r0_c5,Micro Crocodile Ear Forceps,93212 SKU: 93212,,ENT Instruments,15,dataset/processed/p15_r0_c5_full.png,,dataset/processed/p15_r0_c5_jaw.png,dataset/processed/p15_r0_c5.png
p15_r1_c1,Jaw Stapedectomy Instruments (Set Of 9),97122,,Surgical Instrument Kits,15,dataset/processed/p15_r1_c1_full.png,,dataset/processed/p15_r1_c1_jaw.png,dataset/processed/p15_r1_c1.png
p15_r1_c2,Jackson Tracheostomy Tube,94653,,Surgical Instrument Kits,15,dataset/processed/p15_r1_c2_full.png,,dataset/processed/p15_r1_c2_jaw.png,dataset/processed/p15_r1_c2.png
p15_r1_c3,Tilley Nasal Polypus Forceps,93228,,ENT Instruments,15,dataset/processed/p15_r1_c3_full.png,,dataset/processed/p15_r1_c3_jaw.png,dataset/processed/p15_r1_c3.png
p15_r1_c4,Luc Nasal Turbinate Forceps Oval Shaped,93270,,ENT Instruments,15,dataset/processed/p15_r1_c4_full.png,dataset/processed/p15_r1_c4_inset.png,dataset/processed/p15_r1_c4_jaw.png,dataset/processed/p15_r1_c4.png
p15_r1_c5,Luc Nasal Turbinate Forceps Heart Shaped,93274,,ENT Instruments,15,dataset/processed/p15_r1_c5_full.png,dataset/processed/p15_r1_c5_inset.png,dataset/processed/p15_r1_c5_jaw.png,dataset/processed/p15_r1_c5.png
p16_r0_c0,Metzenbaum Scissors (Straight) Sharp/sharp,94120,"6”, 7” & 8”",ENT Instruments,16,dataset/processed/p16_r0_c0_full.png,,dataset/processed/p16_r0_c0_jaw.png,dataset/processed/p16_r0_c0.png
p16_r0_c1,Scissors (Curved) Sharp/sharp,94125,"6”, 7” & 8”",ENT Instruments,16,dataset/processed/p16_r0_c1_full.png,,dataset/processed/p16_r0_c1_jaw.png,dataset/processed/p16_r0_c1.png
p16_r0_c2,Micro Spring Scissors (Straight) Ssors,94130,6” & 7”,ENT Instruments,16,dataset/processed/p16_r0_c2_full.png,,dataset/processed/p16_r0_c2_jaw.png,dataset/processed/p16_r0_c2.png
p16_r0_c4,"Nasal Lake Seeker, Double Ended",97084,,ENT Instruments,16,dataset/processed/p16_r0_c4_full.png,,dataset/processed/p16_r0_c4_jaw.png,dataset/processed/p16_r0_c4.png
p16_r0_c5,King Vein Graft Press Forceps,97086,,ENT Instruments,16,dataset/processed/p16_r0_c5_full.png,,dataset/processed/p16_r0_c5_jaw.png,dataset/processed/p16_r0_c5.png
p16_r1_c0,Micro Spring Scissors (Curved),94134,6” & 7”,ENT Instruments,16,dataset/processed/p16_r1_c0_full.png,,dataset/processed/p16_r1_c0_jaw.png,dataset/processed/p16_r1_c0.png
p16_r1_c1,"Small, Medium, Large & X-large” Killian Nasal Speculum Small, Mediu Large & X-large”",94345,,ENT Instruments,16,dataset/processed/p16_r1_c1_full.png,,dataset/processed/p16_r1_c1_jaw.png,dataset/processed/p16_r1_c1.png
p16_r1_c2,Ear Syringe Ss Metal Metal,94830,,ENT Instruments,16,dataset/processed/p16_r1_c2_full.png,,dataset/processed/p16_r1_c2_jaw.png,dataset/processed/p16_r1_c2.png
p17_r0_c2,Kerrison Punch Upward Cutting,97102,,ENT Instruments,17,dataset/processed/p17_r0_c2_full.png,,dataset/processed/p17_r0_c2_jaw.png,dataset/processed/p17_r0_c2.png
p17_r0_c4,Entropion (Pair) Suture Tying Forcep (Straight),98112,,Ophthalmic Instruments,17,dataset/processed/p17_r0_c4_full.png,,dataset/processed/p17_r0_c4_jaw.png,dataset/processed/p17_r0_c4.png
p17_r0_c5,Phaco Chopper,98114,,Ophthalmic Instruments,17,dataset/processed/p17_r0_c5_full.png,,dataset/processed/p17_r0_c5_jaw.png,dataset/processed/p17_r0_c5.png
p17_r1_c0,Castroviejo Eye Speculum Sku:,98100,,ENT Instruments,17,dataset/processed/p17_r1_c0_full.png,,dataset/processed/p17_r1_c0_jaw.png,dataset/processed/p17_r1_c0.png
p17_r1_c1,98102 Barraquer Wire Speculum Utrata Capsulorhexis Forceps,,,ENT Instruments,17,dataset/processed/p17_r1_c1_full.png,,dataset/processed/p17_r1_c1_jaw.png,dataset/processed/p17_r1_c1.png
p17_r1_c2,Eye Dressing Forceps Ssing S,98106,,ENT Instruments,17,dataset/processed/p17_r1_c2_full.png,,dataset/processed/p17_r1_c2_jaw.png,dataset/processed/p17_r1_c2.png
p17_r1_c3,Castroviejo Caliper (Straight) Castroviejo Caliper,98116,,Ophthalmic Instruments,17,dataset/processed/p17_r1_c3_full.png,,dataset/processed/p17_r1_c3_jaw.png,dataset/processed/p17_r1_c3.png
p17_r1_c4,Castroviejo Holder Without (Straight) (Curved),98120,,Ophthalmic Instruments,17,dataset/processed/p17_r1_c4_full.png,,dataset/processed/p17_r1_c4_jaw.png,dataset/processed/p17_r1_c4.png
p17_r1_c5,Needle Lock Castroviejo Needle Holder Without Lock (Curved),98122,,Ophthalmic Instruments,17,dataset/processed/p17_r1_c5_full.png,,dataset/processed/p17_r1_c5_jaw.png,dataset/processed/p17_r1_c5.png
p18_r0_c0,Wills Copper Ball Cautery Barraquer Needle (Curved),98124 SKU: 98126,,Ophthalmic Instruments,18,dataset/processed/p18_r0_c0_full.png,,dataset/processed/p18_r0_c0_jaw.png,dataset/processed/p18_r0_c0.png
p18_r0_c1,Holder Vannas Capsulotomy Scissors Angled,98128,,Ophthalmic Instruments,18,dataset/processed/p18_r0_c1_full.png,,dataset/processed/p18_r0_c1_jaw.png,dataset/processed/p18_r0_c1.png
p18_r0_c2,Alabama Utility Forceps Utility,98130,,Ophthalmic Instruments,18,dataset/processed/p18_r0_c2_full.png,,dataset/processed/p18_r0_c2_jaw.png,dataset/processed/p18_r0_c2.png
p18_r0_c3,Hess Iris Forceps,98140,,Ophthalmic Instruments,18,dataset/processed/p18_r0_c3_full.png,,dataset/processed/p18_r0_c3_jaw.png,dataset/processed/p18_r0_c3.png
p18_r0_c4,Clark Eye Speculum,98142,,Ophthalmic Instruments,18,dataset/processed/p18_r0_c4_full.png,,dataset/processed/p18_r0_c4_jaw.png,dataset/processed/p18_r0_c4.png
p18_r1_c0,Blaydes Lens Holding Forceps Scissors,98132 SKU: Westcott,,Ophthalmic Instruments,18,dataset/processed/p18_r1_c0_full.png,,dataset/processed/p18_r1_c0_jaw.png,dataset/processed/p18_r1_c0.png
p18_r1_c1,98134 Tenotomy Castroviejo Corneal Scissors,,,Ophthalmic Instruments,18,dataset/processed/p18_r1_c1_full.png,,dataset/processed/p18_r1_c1_jaw.png,dataset/processed/p18_r1_c1.png
p18_r1_c4,Bowman Lacrimal Probe Set Of 4 Blade And Castroviejo,98150,,Ophthalmic Instruments,18,dataset/processed/p18_r1_c4_full.png,dataset/processed/p18_r1_c4_inset.png,dataset/processed/p18_r1_c4_jaw.png,dataset/processed/p18_r1_c4.png
p18_r1_c5,Kelman- Mcpherson Forceps,98152,,Ophthalmic Instruments,18,dataset/processed/p18_r1_c5_full.png,,dataset/processed/p18_r1_c5_jaw.png,dataset/processed/p18_r1_c5.png
p19_r0_c0,"Pozzi Abdominal Retractor 3""",97034,,Retractors,19,dataset/processed/p19_r0_c0_full.png,,dataset/processed/p19_r0_c0_jaw.png,dataset/processed/p19_r0_c0.png
p19_r0_c1,"Balfour Abdominal Retractor 3""",97036,,Retractors,19,dataset/processed/p19_r0_c1_full.png,,dataset/processed/p19_r0_c1_jaw.png,dataset/processed/p19_r0_c1.png
p19_r0_c2,Morris Abdominal Retractor,97018,"2”, 2.5”, 3“ & 3.5”",Retractors,19,dataset/processed/p19_r0_c2_full.png,,dataset/processed/p19_r0_c2_jaw.png,dataset/processed/p19_r0_c2.png
p19_r0_c3,Deaver Retractor,97006,"1”, 1.5”, 2”, 2.5” & 3”",Retractors,19,dataset/processed/p19_r0_c3_full.png,,dataset/processed/p19_r0_c3_jaw.png,dataset/processed/p19_r0_c3.png
p19_r0_c4,Gosset Retractor,97012,,Retractors,19,dataset/processed/p19_r0_c4_full.png,,dataset/processed/p19_r0_c4_jaw.png,dataset/processed/p19_r0_c4.png
p19_r0_c5,"Kelly Retractor Small, Medium & Large",97038,,Retractors,19,dataset/processed/p19_r0_c5_full.png,,dataset/processed/p19_r0_c5_jaw.png,dataset/processed/p19_r0_c5.png
p19_r1_c0,Doyen Abdominal Retractor,,"2”, 2.5” & 3”",Retractors,19,dataset/processed/p19_r1_c0_full.png,,dataset/processed/p19_r1_c0_jaw.png,dataset/processed/p19_r1_c0.png
p19_r1_c1,Volkman Retractor,96550,"2, 3, 4, 5 & 6 Prong",Retractors,19,dataset/processed/p19_r1_c1_full.png,,dataset/processed/p19_r1_c1_jaw.png,dataset/processed/p19_r1_c1.png
p19_r1_c3,Kilner (Cat Paw) Retractor,97014,,Retractors,19,dataset/processed/p19_r1_c3_full.png,,dataset/processed/p19_r1_c3_jaw.png,dataset/processed/p19_r1_c3.png
p19_r1_c4,"Langenbeck Retractor Small, Medium, Large & X-large",97025,,Retractors,19,dataset/processed/p19_r1_c4_full.png,,dataset/processed/p19_r1_c4_jaw.png,dataset/processed/p19_r1_c4.png
p19_r1_c5,Roux Retractor (Set Of 3),97002,,Retractors,19,dataset/processed/p19_r1_c5_full.png,,dataset/processed/p19_r1_c5_jaw.png,dataset/processed/p19_r1_c5.png
p20_r0_c0,Tonsil Dissector And Pillar Retractor,97056,,Retractors,20,dataset/processed/p20_r0_c0_full.png,,dataset/processed/p20_r0_c0_jaw.png,dataset/processed/p20_r0_c0.png
p20_r0_c1,Us Army Retractor (Set Of 2),97016,,Retractors,20,dataset/processed/p20_r0_c1_full.png,,dataset/processed/p20_r0_c1_jaw.png,dataset/processed/p20_r0_c1.png
p20_r0_c2,Davis Boyle Mouth Gag With 5 Blade Uth Gag,97142,,Retractors,20,dataset/processed/p20_r0_c2_full.png,,dataset/processed/p20_r0_c2_jaw.png,dataset/processed/p20_r0_c2.png
p20_r0_c3,Adson-beckman Retractor Folding,93360,"8”, 10” & 12”",Retractors,20,dataset/processed/p20_r0_c3_full.png,,dataset/processed/p20_r0_c3_jaw.png,dataset/processed/p20_r0_c3.png
p20_r0_c4,Gelpi Retractor,97126,6” & 8”,Retractors,20,dataset/processed/p20_r0_c4_full.png,,dataset/processed/p20_r0_c4_jaw.png,dataset/processed/p20_r0_c4.png
p20_r0_c5,Jolls Retractor,97004,,Retractors,20,dataset/processed/p20_r0_c5_full.png,,dataset/processed/p20_r0_c5_jaw.png,dataset/processed/p20_r0_c5.png
p20_r1_c0,Heister Mouth Gag,97000,,Retractors,20,dataset/processed/p20_r1_c0_full.png,,dataset/processed/p20_r1_c0_jaw.png,dataset/processed/p20_r1_c0.png
p20_r1_c2,Ferguson Mouth Gag H Gag,97051,,Retractors,20,dataset/processed/p20_r1_c2_full.png,dataset/processed/p20_r1_c2_inset.png,dataset/processed/p20_r1_c2_jaw.png,dataset/processed/p20_r1_c2.png
p20_r1_c3,Mollison Mastoid Retractor,97030,"5.5”, 6.5” & 7.5”",Retractors,20,dataset/processed/p20_r1_c3_full.png,,dataset/processed/p20_r1_c3_jaw.png,dataset/processed/p20_r1_c3.png
p20_r1_c4,Retractor Casper & Cloward With 10 Blade,97144,,Retractors,20,dataset/processed/p20_r1_c4_full.png,,dataset/processed/p20_r1_c4_jaw.png,dataset/processed/p20_r1_c4.png
p20_r1_c5,Tracheal Hook/retractor Blunt One Prong,97065,,Retractors,20,dataset/processed/p20_r1_c5_full.png,,dataset/processed/p20_r1_c5_jaw.png,dataset/processed/p20_r1_c5.png
p21_r0_c0,Tracheal Hook/retractor Blunt Two Prongs,97066,,Retractors,21,dataset/processed/p21_r0_c0_full.png,,dataset/processed/p21_r0_c0_jaw.png,dataset/processed/p21_r0_c0.png
p21_r0_c1,Tracheal Hook/retractor Sharp One Prong,97069,,Retractors,21,dataset/processed/p21_r0_c1_full.png,,dataset/processed/p21_r0_c1_jaw.png,dataset/processed/p21_r0_c1.png
p21_r0_c2,Tracheal Hook/retractor Sharp Two Prongs Retractor Ngs,97070,,Retractors,21,dataset/processed/p21_r0_c2_full.png,,dataset/processed/p21_r0_c2_jaw.png,dataset/processed/p21_r0_c2.png
p21_r0_c3,"Metal Catheter 12"", 14"" & 16"" (Set Of 3)",94856,,Other Instruments,21,dataset/processed/p21_r0_c3_full.png,dataset/processed/p21_r0_c3_inset.png,dataset/processed/p21_r0_c3_jaw.png,dataset/processed/p21_r0_c3.png
p21_r0_c4,Skin Staple Remover,97140,,Other Instruments,21,dataset/processed/p21_r0_c4_full.png,,dataset/processed/p21_r0_c4_jaw.png,dataset/processed/p21_r0_c4.png
p21_r0_c5,Spay Hook,98007,,Other Instruments,21,dataset/processed/p21_r0_c5_full.png,,dataset/processed/p21_r0_c5_jaw.png,dataset/processed/p21_r0_c5.png
p21_r1_c1,Eves Tonsil Snare,97062,,Retractors,21,dataset/processed/p21_r1_c1_full.png,,dataset/processed/p21_r1_c1_jaw.png,dataset/processed/p21_r1_c1.png
p21_r1_c3,Vein Stripper,97108,,Other Instruments,21,dataset/processed/p21_r1_c3_full.png,,dataset/processed/p21_r1_c3_jaw.png,dataset/processed/p21_r1_c3.png
